{
  "train_steps": [
    100,
    200,
    300,
    400,
    500,
    600,
    700,
    800,
    900,
    1000,
    1100,
    1200,
    1300,
    1400,
    1500,
    1600,
    1700,
    1800,
    1900,
    2000,
    2100,
    2200,
    2300,
    2400,
    2500,
    2600,
    2700,
    2800,
    2900,
    3000,
    3100,
    3200,
    3300,
    3400,
    3500,
    3600,
    3700,
    3800,
    3900,
    4000,
    4100,
    4200,
    4300,
    4400,
    4500,
    4600,
    4700,
    4800,
    4900,
    5000,
    5100,
    5200,
    5300,
    5400,
    5500,
    5600,
    5700,
    5800,
    5900,
    6000,
    6100,
    6200,
    6300,
    6400,
    6500,
    6600,
    6700,
    6800,
    6900,
    7000,
    7100,
    7200,
    7300,
    7400,
    7500,
    7600,
    7700,
    7800,
    7900,
    8000,
    8100,
    8200,
    8300,
    8400,
    8500,
    8600,
    8700,
    8800,
    8900,
    9000,
    9100,
    9200,
    9300,
    9400,
    9500,
    9600,
    9700,
    9800,
    9900,
    10000,
    10100,
    10200,
    10300,
    10400,
    10500,
    10600,
    10700,
    10800,
    10900,
    11000,
    11100,
    11200,
    11300,
    11400,
    11500,
    11600,
    11700,
    11800,
    11900,
    12000
  ],
  "train_losses": [
    28.649965286254883,
    20.115888595581055,
    15.756075859069824,
    12.34076976776123,
    9.424099922180176,
    7.933865070343018,
    7.019153118133545,
    6.723563194274902,
    6.561028003692627,
    6.437249183654785,
    6.364720344543457,
    6.445220947265625,
    6.329150676727295,
    6.126439094543457,
    6.160730361938477,
    6.122089862823486,
    6.011592388153076,
    5.940350532531738,
    5.830456733703613,
    5.728427410125732,
    5.669964790344238,
    5.580979347229004,
    5.635531902313232,
    5.370253562927246,
    5.550375461578369,
    5.396700859069824,
    5.2780632972717285,
    5.427282333374023,
    5.2609076499938965,
    5.160285949707031,
    5.224519729614258,
    5.129566192626953,
    5.072523593902588,
    5.030913352966309,
    5.115145683288574,
    5.076789379119873,
    4.975905418395996,
    5.082983016967773,
    5.018105506896973,
    4.998092174530029,
    4.830833911895752,
    4.889486789703369,
    4.805175304412842,
    4.77829122543335,
    4.81274938583374,
    4.668466567993164,
    4.807855606079102,
    4.869313716888428,
    4.63606595993042,
    4.6867451667785645,
    4.695703983306885,
    4.646071434020996,
    4.745421886444092,
    4.667527198791504,
    4.658919811248779,
    4.7462005615234375,
    4.586766242980957,
    4.730133533477783,
    4.595553874969482,
    4.6577253341674805,
    4.597099304199219,
    4.687210559844971,
    4.641751289367676,
    4.664633274078369,
    4.512951850891113,
    4.480465412139893,
    4.673913955688477,
    4.5762152671813965,
    4.602329254150391,
    4.549363136291504,
    4.4332122802734375,
    4.531773567199707,
    4.491679668426514,
    4.492222309112549,
    4.644039630889893,
    4.535022735595703,
    4.349717617034912,
    4.460331439971924,
    4.537072658538818,
    4.373049259185791,
    4.4667277336120605,
    4.481426239013672,
    4.384052753448486,
    4.477162837982178,
    4.3375630378723145,
    4.478333473205566,
    4.397319793701172,
    4.370296955108643,
    4.405494689941406,
    4.402344226837158,
    4.421104907989502,
    4.284099578857422,
    4.39470100402832,
    4.323657035827637,
    4.333288192749023,
    4.23756742477417,
    4.390294075012207,
    4.312098026275635,
    4.145151615142822,
    4.19645881652832,
    4.304647922515869,
    4.212519645690918,
    4.1146626472473145,
    4.374353408813477,
    4.379441261291504,
    4.263478755950928,
    4.242118835449219,
    4.3577728271484375,
    4.287266254425049,
    4.288756847381592,
    4.337551593780518,
    4.2843852043151855,
    4.31935977935791,
    4.19140100479126,
    4.2427897453308105,
    4.344250679016113,
    4.259306907653809,
    4.203402042388916,
    4.190080165863037,
    4.092037200927734
  ],
  "valid_steps": [
    400,
    800,
    1200,
    1600,
    2000,
    2400,
    2800,
    3200,
    3600,
    4000,
    4400,
    4800,
    5200,
    5600,
    6000,
    6400,
    6800,
    7200,
    7600,
    8000,
    8400,
    8800,
    9200,
    9600,
    10000,
    10400,
    10800,
    11200,
    11600,
    12000
  ],
  "valid_losses": [
    11.765914556653843,
    6.585685348656782,
    6.262335131578627,
    6.041371281167084,
    5.759760169826711,
    5.548229320043174,
    5.398081805925957,
    5.321864307139041,
    5.266887861552356,
    5.222040482361715,
    5.198070187405004,
    5.163538929942985,
    5.150788365986999,
    5.116889697630192,
    5.10501234335915,
    5.079797881695421,
    5.081041217671757,
    5.055581552940502,
    5.063797546594222,
    5.035002851856069,
    5.05088381688062,
    5.049067277288289,
    5.02680247493279,
    5.044416571588902,
    5.020970876463172,
    5.043569011295194,
    5.0208945158155815,
    5.028400502940969,
    5.007916220487158,
    5.021815170583468
  ],
  "bleu_steps": [
    400,
    800,
    1200,
    1600,
    2000,
    2400,
    2800,
    3200,
    3600,
    4000,
    4400,
    4800,
    5200,
    5600,
    6000,
    6400,
    6800,
    7200,
    7600,
    8000,
    8400,
    8800,
    9200,
    9600,
    10000,
    10400,
    10800,
    11200,
    11600,
    12000,
    12000
  ],
  "bleu_scores": [
    0.04873961421541655,
    0.3908771589829557,
    0.7635708561440366,
    0.806523366395289,
    1.2198559803059894,
    1.835994597016814,
    2.163662260109725,
    2.252588713820418,
    2.242792719509966,
    2.5253266484543557,
    2.5073930956969246,
    2.7135144022341207,
    2.794764424342477,
    3.0629993965253783,
    3.0863419997848944,
    2.728338782455578,
    3.0857766199172936,
    3.023841490958162,
    3.1439610575952317,
    3.1606572922749034,
    3.276273194094572,
    3.1329714514283693,
    3.307678761862606,
    3.164293331593309,
    3.2824601360598686,
    3.426653035205078,
    3.302604225099477,
    3.6021500323823363,
    3.9108507996278403,
    3.3204760241201003,
    4.689973476527827
  ],
  "final_bleu": 4.689973476527827,
  "best_valid_loss": 5.007916220487158
}