{
  "train_steps": [
    100,
    200,
    300,
    400,
    500,
    600,
    700,
    800,
    900,
    1000,
    1100,
    1200,
    1300,
    1400,
    1500,
    1600,
    1700,
    1800,
    1900,
    2000,
    2100,
    2200,
    2300,
    2400,
    2500,
    2600,
    2700,
    2800,
    2900,
    3000,
    3100,
    3200,
    3300,
    3400,
    3500,
    3600,
    3700,
    3800,
    3900,
    4000,
    4100,
    4200,
    4300,
    4400,
    4500,
    4600,
    4700,
    4800,
    4900,
    5000,
    5100,
    5200,
    5300,
    5400,
    5500,
    5600,
    5700,
    5800,
    5900,
    6000,
    6100,
    6200,
    6300,
    6400,
    6500,
    6600,
    6700,
    6800,
    6900,
    7000,
    7100,
    7200,
    7300,
    7400,
    7500,
    7600,
    7700,
    7800,
    7900,
    8000,
    8100,
    8200,
    8300,
    8400,
    8500,
    8600,
    8700,
    8800,
    8900,
    9000,
    9100,
    9200,
    9300,
    9400,
    9500,
    9600,
    9700,
    9800,
    9900,
    10000,
    10100,
    10200,
    10300,
    10400,
    10500,
    10600,
    10700,
    10800,
    10900,
    11000,
    11100,
    11200,
    11300,
    11400,
    11500,
    11600,
    11700,
    11800,
    11900,
    12000
  ],
  "train_losses": [
    29.730060577392578,
    19.927629470825195,
    15.728185653686523,
    11.907493591308594,
    9.4107084274292,
    7.957927703857422,
    7.141409397125244,
    6.75819206237793,
    6.647754192352295,
    6.443045139312744,
    6.386923789978027,
    6.480931758880615,
    6.27925443649292,
    6.434656620025635,
    6.2474446296691895,
    6.091081142425537,
    6.142045497894287,
    5.995655059814453,
    6.021668434143066,
    5.8874640464782715,
    5.78166389465332,
    5.761229038238525,
    5.591143608093262,
    5.54860782623291,
    5.573965549468994,
    5.432271957397461,
    5.4966721534729,
    5.437472820281982,
    5.342324256896973,
    5.325474739074707,
    5.434694290161133,
    5.302430629730225,
    5.165284633636475,
    5.275677680969238,
    5.312618732452393,
    5.293699741363525,
    5.116394996643066,
    5.172255039215088,
    5.262612342834473,
    5.273209095001221,
    5.069790840148926,
    5.145229339599609,
    4.986972332000732,
    5.150590896606445,
    5.045343399047852,
    5.04901123046875,
    5.033332347869873,
    5.059748649597168,
    5.111836910247803,
    5.025323390960693,
    5.006335258483887,
    4.973628044128418,
    4.9987077713012695,
    4.8401288986206055,
    4.9979119300842285,
    4.850949764251709,
    4.9168877601623535,
    4.870817184448242,
    4.991668224334717,
    5.0071120262146,
    4.842471122741699,
    4.907468318939209,
    4.706464767456055,
    4.766347885131836,
    4.895676136016846,
    4.901669502258301,
    4.881340026855469,
    4.766669750213623,
    4.695844650268555,
    4.740735054016113,
    4.650223255157471,
    4.688847064971924,
    4.688608169555664,
    4.877557277679443,
    4.727270603179932,
    4.702993392944336,
    4.770585060119629,
    4.794121265411377,
    4.6687750816345215,
    4.7357025146484375,
    4.812775611877441,
    4.785796165466309,
    4.708948612213135,
    4.6533331871032715,
    4.622758388519287,
    4.682686805725098,
    4.673016548156738,
    4.7909345626831055,
    4.751542091369629,
    4.572152137756348,
    4.521061420440674,
    4.732219696044922,
    4.761606693267822,
    4.621389389038086,
    4.651070594787598,
    4.799099922180176,
    4.611320495605469,
    4.757304668426514,
    4.674561977386475,
    4.598404884338379,
    4.678515434265137,
    4.637872695922852,
    4.678500175476074,
    4.57695198059082,
    4.636621475219727,
    4.592793941497803,
    4.733621120452881,
    4.466632843017578,
    4.562934398651123,
    4.610957622528076,
    4.468775272369385,
    4.524828910827637,
    4.660414695739746,
    4.534885406494141,
    4.344274044036865,
    4.605910778045654,
    4.659453392028809,
    4.499422073364258,
    4.598984241485596,
    4.633468151092529
  ],
  "valid_steps": [
    400,
    800,
    1200,
    1600,
    2000,
    2400,
    2800,
    3200,
    3600,
    4000,
    4400,
    4800,
    5200,
    5600,
    6000,
    6400,
    6800,
    7200,
    7600,
    8000,
    8400,
    8800,
    9200,
    9600,
    10000,
    10400,
    10800,
    11200,
    11600,
    12000
  ],
  "valid_losses": [
    11.133186627400516,
    6.604679962338342,
    6.267168577047924,
    6.0831540870562755,
    5.803767788099742,
    5.56196083498575,
    5.3916964902182025,
    5.297703722684496,
    5.194694969569299,
    5.137926310323118,
    5.07219015961072,
    5.021850354765341,
    4.984291561197649,
    4.946173217997412,
    4.914854341290246,
    4.895883354395294,
    4.871057370878331,
    4.839856370913712,
    4.820038738132066,
    4.801251394416195,
    4.780188918251504,
    4.761891109027293,
    4.750274164798088,
    4.732769080473498,
    4.716431244457004,
    4.711844655572092,
    4.695880172107889,
    4.680823183743806,
    4.6670207788596185,
    4.657822709668134
  ],
  "bleu_steps": [
    400,
    800,
    1200,
    1600,
    2000,
    2400,
    2800,
    3200,
    3600,
    4000,
    4400,
    4800,
    5200,
    5600,
    6000,
    6400,
    6800,
    7200,
    7600,
    8000,
    8400,
    8800,
    9200,
    9600,
    10000,
    10400,
    10800,
    11200,
    11600,
    12000,
    12000
  ],
  "bleu_scores": [
    0.01013317073752843,
    0.2160447504233152,
    0.222936297763128,
    0.997777988090349,
    1.783596781544157,
    1.9041714827503533,
    2.423823758400918,
    2.410610410641343,
    2.7368994555590334,
    2.5781287658819667,
    2.9470026659279993,
    3.183177429786792,
    3.4697712944379675,
    3.375721148670612,
    3.767710355381082,
    3.592984493598291,
    3.7084966953255663,
    3.9456105347400006,
    4.24460089867754,
    4.282003530079459,
    4.306005922432246,
    4.395362354488097,
    3.9108463389167127,
    4.61591693709756,
    4.5962494436910335,
    4.834450906657381,
    4.7794874641750535,
    4.723754205068288,
    5.0134866705703915,
    4.788286727803925,
    5.828594438176789
  ],
  "valid_ppl": [
    36248.352,
    438.413,
    316.277,
    257.608,
    187.463,
    142.229,
    115.792,
    103.815,
    93.669,
    87.137,
    81.945,
    76.993,
    73.192,
    70.805,
    67.668,
    65.456,
    63.489,
    61.478,
    60.482,
    59.026,
    57.098,
    56.366,
    55.507,
    54.275,
    53.654,
    52.782,
    51.786,
    51.260,
    50.712,
    50.269
  ]
}